sensor_id;sensor_type;location;lat;lon;timestamp;temperature;humidity
74087;SHT30;62445;48.406;-4.518;2022-09-24T00:00:46;22.29;58.58
74087;SHT30;62445;48.406;-4.518;2022-09-24T00:03:20;22.29;58.53
74087;SHT30;62445;48.406;-4.518;2022-09-24T00:05:46;22.27;58.56
74087;SHT30;62445;48.406;-4.518;2022-09-24T00:08:13;22.32;58.44
74087;SHT30;62445;48.406;-4.518;2022-09-24T00:10:43;22.26;58.48
74087;SHT30;62445;48.406;-4.518;2022-09-24T00:13:12;22.30;58.48
74087;SHT30;62445;48.406;-4.518;2022-09-24T00:15:40;22.29;58.43
74087;SHT30;62445;48.406;-4.518;2022-09-24T00:18:06;22.30;58.38
74087;SHT30;62445;48.406;-4.518;2022-09-24T00:20:33;22.27;58.47
74087;SHT30;62445;48.406;-4.518;2022-09-24T00:22:59;22.27;58.40
74087;SHT30;62445;48.406;-4.518;2022-09-24T00:25:25;22.29;58.44
74087;SHT30;62445;48.406;-4.518;2022-09-24T00:28:09;22.27;58.40
74087;SHT30;62445;48.406;-4.518;2022-09-24T00:30:39;22.29;58.44
74087;SHT30;62445;48.406;-4.518;2022-09-24T00:33:05;22.27;58.44
74087;SHT30;62445;48.406;-4.518;2022-09-24T00:35:32;22.29;58.33
74087;SHT30;62445;48.406;-4.518;2022-09-24T00:37:57;22.26;58.37
74087;SHT30;62445;48.406;-4.518;2022-09-24T00:40:31;22.26;58.35
74087;SHT30;62445;48.406;-4.518;2022-09-24T00:42:56;22.23;58.37
74087;SHT30;62445;48.406;-4.518;2022-09-24T00:45:23;22.24;58.32
74087;SHT30;62445;48.406;-4.518;2022-09-24T00:47:49;22.23;58.23
74087;SHT30;62445;48.406;-4.518;2022-09-24T00:50:23;22.24;58.17
74087;SHT30;62445;48.406;-4.518;2022-09-24T00:53:17;22.20;58.03
74087;SHT30;62445;48.406;-4.518;2022-09-24T00:55:48;22.23;58.01
74087;SHT30;62445;48.406;-4.518;2022-09-24T00:58:15;22.23;57.90
74087;SHT30;62445;48.406;-4.518;2022-09-24T01:00:41;22.20;57.85
74087;SHT30;62445;48.406;-4.518;2022-09-24T01:03:17;22.19;57.81
74087;SHT30;62445;48.406;-4.518;2022-09-24T01:05:46;22.21;57.86
74087;SHT30;62445;48.406;-4.518;2022-09-24T01:08:12;22.20;57.80
74087;SHT30;62445;48.406;-4.518;2022-09-24T01:14:02;22.20;57.80
74087;SHT30;62445;48.406;-4.518;2022-09-24T01:17:02;22.19;57.77
74087;SHT30;62445;48.406;-4.518;2022-09-24T01:25:08;22.17;57.74
74087;SHT30;62445;48.406;-4.518;2022-09-24T01:28:06;22.19;57.80
74087;SHT30;62445;48.406;-4.518;2022-09-24T01:30:38;22.17;57.75
74087;SHT30;62445;48.406;-4.518;2022-09-24T01:33:10;22.16;57.76
74087;SHT30;62445;48.406;-4.518;2022-09-24T01:35:42;22.14;57.69
74087;SHT30;62445;48.406;-4.518;2022-09-24T01:40:38;22.14;57.71
74087;SHT30;62445;48.406;-4.518;2022-09-24T01:43:06;22.13;57.74
74087;SHT30;62445;48.406;-4.518;2022-09-24T01:45:34;22.14;57.75
74087;SHT30;62445;48.406;-4.518;2022-09-24T01:48:01;22.14;57.69
74087;SHT30;62445;48.406;-4.518;2022-09-24T01:50:32;22.17;57.75
74087;SHT30;62445;48.406;-4.518;2022-09-24T01:53:08;22.16;57.66
74087;SHT30;62445;48.406;-4.518;2022-09-24T01:55:40;22.14;57.63
74087;SHT30;62445;48.406;-4.518;2022-09-24T01:58:10;22.14;57.63
74087;SHT30;62445;48.406;-4.518;2022-09-24T02:00:41;22.13;57.63
74087;SHT30;62445;48.406;-4.518;2022-09-24T02:03:19;22.13;57.65
74087;SHT30;62445;48.406;-4.518;2022-09-24T02:06:17;22.10;57.61
74087;SHT30;62445;48.406;-4.518;2022-09-24T02:08:46;22.12;57.61
74087;SHT30;62445;48.406;-4.518;2022-09-24T02:11:16;22.12;57.62
74087;SHT30;62445;48.406;-4.518;2022-09-24T02:16:18;22.12;57.56
74087;SHT30;62445;48.406;-4.518;2022-09-24T02:18:47;22.12;57.57
74087;SHT30;62445;48.406;-4.518;2022-09-24T02:21:16;22.10;57.57
74087;SHT30;62445;48.406;-4.518;2022-09-24T02:24:10;22.12;57.53
74087;SHT30;62445;48.406;-4.518;2022-09-24T02:26:37;22.10;57.54
74087;SHT30;62445;48.406;-4.518;2022-09-24T02:29:03;22.10;57.52
74087;SHT30;62445;48.406;-4.518;2022-09-24T02:31:31;22.12;57.50
74087;SHT30;62445;48.406;-4.518;2022-09-24T02:34:01;22.10;57.55
74087;SHT30;62445;48.406;-4.518;2022-09-24T02:36:57;22.10;57.46
74087;SHT30;62445;48.406;-4.518;2022-09-24T02:39:26;22.10;57.47
74087;SHT30;62445;48.406;-4.518;2022-09-24T02:41:53;22.10;57.44
74087;SHT30;62445;48.406;-4.518;2022-09-24T02:44:19;22.09;57.45
74087;SHT30;62445;48.406;-4.518;2022-09-24T02:46:45;22.10;57.40
74087;SHT30;62445;48.406;-4.518;2022-09-24T02:49:12;22.08;57.42
74087;SHT30;62445;48.406;-4.518;2022-09-24T02:51:38;22.09;57.41
74087;SHT30;62445;48.406;-4.518;2022-09-24T02:54:04;22.06;57.41
74087;SHT30;62445;48.406;-4.518;2022-09-24T02:56:30;22.06;57.46
74087;SHT30;62445;48.406;-4.518;2022-09-24T02:58:56;22.09;57.35
74087;SHT30;62445;48.406;-4.518;2022-09-24T03:01:21;22.09;57.39
74087;SHT30;62445;48.406;-4.518;2022-09-24T03:03:49;22.08;57.38
74087;SHT30;62445;48.406;-4.518;2022-09-24T03:06:14;22.08;57.39
74087;SHT30;62445;48.406;-4.518;2022-09-24T03:08:41;22.09;57.33
74087;SHT30;62445;48.406;-4.518;2022-09-24T03:11:07;22.09;57.30
74087;SHT30;62445;48.406;-4.518;2022-09-24T03:13:34;22.06;57.34
74087;SHT30;62445;48.406;-4.518;2022-09-24T03:16:00;22.08;57.32
74087;SHT30;62445;48.406;-4.518;2022-09-24T03:18:25;22.06;57.36
74087;SHT30;62445;48.406;-4.518;2022-09-24T03:21:07;22.05;57.32
74087;SHT30;62445;48.406;-4.518;2022-09-24T03:23:34;22.05;57.31
74087;SHT30;62445;48.406;-4.518;2022-09-24T03:26:00;22.08;57.24
74087;SHT30;62445;48.406;-4.518;2022-09-24T03:28:26;22.03;57.33
74087;SHT30;62445;48.406;-4.518;2022-09-24T03:30:52;22.06;57.24
74087;SHT30;62445;48.406;-4.518;2022-09-24T03:33:38;22.05;57.22
74087;SHT30;62445;48.406;-4.518;2022-09-24T03:36:09;22.05;57.20
74087;SHT30;62445;48.406;-4.518;2022-09-24T03:38:36;22.03;57.19
74087;SHT30;62445;48.406;-4.518;2022-09-24T03:41:03;22.03;57.19
74087;SHT30;62445;48.406;-4.518;2022-09-24T03:43:29;22.00;57.16
74087;SHT30;62445;48.406;-4.518;2022-09-24T03:45:55;22.05;57.13
74087;SHT30;62445;48.406;-4.518;2022-09-24T03:48:22;22.02;57.06
74087;SHT30;62445;48.406;-4.518;2022-09-24T03:50:48;22.02;57.17
74087;SHT30;62445;48.406;-4.518;2022-09-24T03:53:15;22.00;57.18
74087;SHT30;62445;48.406;-4.518;2022-09-24T03:55:42;22.02;57.11
74087;SHT30;62445;48.406;-4.518;2022-09-24T03:58:08;21.99;57.09
74087;SHT30;62445;48.406;-4.518;2022-09-24T04:00:33;22.02;57.13
74087;SHT30;62445;48.406;-4.518;2022-09-24T04:02:58;22.02;57.04
74087;SHT30;62445;48.406;-4.518;2022-09-24T04:05:24;22.03;57.06
74087;SHT30;62445;48.406;-4.518;2022-09-24T04:07:49;22.02;57.03
74087;SHT30;62445;48.406;-4.518;2022-09-24T04:10:15;21.99;57.04
74087;SHT30;62445;48.406;-4.518;2022-09-24T04:12:40;22.02;57.00
74087;SHT30;62445;48.406;-4.518;2022-09-24T04:15:08;21.99;57.03
74087;SHT30;62445;48.406;-4.518;2022-09-24T04:17:33;22.00;57.00
74087;SHT30;62445;48.406;-4.518;2022-09-24T04:19:59;22.00;56.99
74087;SHT30;62445;48.406;-4.518;2022-09-24T04:22:26;21.98;57.00
74087;SHT30;62445;48.406;-4.518;2022-09-24T04:24:54;21.99;56.97
74087;SHT30;62445;48.406;-4.518;2022-09-24T04:27:20;22.00;56.97
74087;SHT30;62445;48.406;-4.518;2022-09-24T04:29:46;21.96;56.94
74087;SHT30;62445;48.406;-4.518;2022-09-24T04:32:11;21.98;56.90
74087;SHT30;62445;48.406;-4.518;2022-09-24T04:34:37;21.99;56.93
74087;SHT30;62445;48.406;-4.518;2022-09-24T04:37:02;21.99;56.89
74087;SHT30;62445;48.406;-4.518;2022-09-24T04:39:28;21.99;56.90
74087;SHT30;62445;48.406;-4.518;2022-09-24T04:41:53;21.99;56.88
74087;SHT30;62445;48.406;-4.518;2022-09-24T04:44:19;21.98;56.85
74087;SHT30;62445;48.406;-4.518;2022-09-24T04:46:44;21.99;56.87
74087;SHT30;62445;48.406;-4.518;2022-09-24T04:49:10;21.98;56.82
74087;SHT30;62445;48.406;-4.518;2022-09-24T04:51:36;21.96;56.81
74087;SHT30;62445;48.406;-4.518;2022-09-24T04:54:01;21.95;56.81
74087;SHT30;62445;48.406;-4.518;2022-09-24T04:56:28;21.96;56.80
74087;SHT30;62445;48.406;-4.518;2022-09-24T04:58:53;21.98;56.77
74087;SHT30;62445;48.406;-4.518;2022-09-24T05:01:19;21.98;56.78
74087;SHT30;62445;48.406;-4.518;2022-09-24T05:03:45;21.95;56.80
74087;SHT30;62445;48.406;-4.518;2022-09-24T05:06:11;21.93;56.77
74087;SHT30;62445;48.406;-4.518;2022-09-24T05:08:36;21.92;56.76
74087;SHT30;62445;48.406;-4.518;2022-09-24T05:11:02;21.95;56.75
74087;SHT30;62445;48.406;-4.518;2022-09-24T05:13:27;21.95;56.73
74087;SHT30;62445;48.406;-4.518;2022-09-24T05:15:53;21.96;56.75
74087;SHT30;62445;48.406;-4.518;2022-09-24T05:18:18;21.93;56.75
74087;SHT30;62445;48.406;-4.518;2022-09-24T05:20:46;21.96;56.74
74087;SHT30;62445;48.406;-4.518;2022-09-24T05:23:12;21.95;56.73
74087;SHT30;62445;48.406;-4.518;2022-09-24T05:25:37;21.93;56.74
74087;SHT30;62445;48.406;-4.518;2022-09-24T05:28:23;21.92;56.69
74087;SHT30;62445;48.406;-4.518;2022-09-24T05:30:48;21.92;56.72
74087;SHT30;62445;48.406;-4.518;2022-09-24T05:33:14;21.92;56.69
74087;SHT30;62445;48.406;-4.518;2022-09-24T05:35:39;21.93;56.66
74087;SHT30;62445;48.406;-4.518;2022-09-24T05:38:05;21.95;56.61
74087;SHT30;62445;48.406;-4.518;2022-09-24T05:40:30;21.92;56.58
74087;SHT30;62445;48.406;-4.518;2022-09-24T05:43:14;21.93;56.55
74087;SHT30;62445;48.406;-4.518;2022-09-24T05:45:41;21.90;56.57
74087;SHT30;62445;48.406;-4.518;2022-09-24T05:48:06;21.90;56.57
74087;SHT30;62445;48.406;-4.518;2022-09-24T05:50:31;21.92;56.54
74087;SHT30;62445;48.406;-4.518;2022-09-24T05:52:59;21.88;56.61
74087;SHT30;62445;48.406;-4.518;2022-09-24T05:55:25;21.90;56.51
74087;SHT30;62445;48.406;-4.518;2022-09-24T05:57:51;21.89;56.49
74087;SHT30;62445;48.406;-4.518;2022-09-24T06:00:16;21.88;56.52
74087;SHT30;62445;48.406;-4.518;2022-09-24T06:02:42;21.89;56.48
74087;SHT30;62445;48.406;-4.518;2022-09-24T06:05:07;21.89;56.52
74087;SHT30;62445;48.406;-4.518;2022-09-24T06:07:33;21.88;56.51
74087;SHT30;62445;48.406;-4.518;2022-09-24T06:09:58;21.88;56.50
74087;SHT30;62445;48.406;-4.518;2022-09-24T06:12:25;21.88;56.45
74087;SHT30;62445;48.406;-4.518;2022-09-24T06:14:51;21.89;56.48
74087;SHT30;62445;48.406;-4.518;2022-09-24T06:17:19;21.86;56.39
74087;SHT30;62445;48.406;-4.518;2022-09-24T06:19:44;21.89;56.43
74087;SHT30;62445;48.406;-4.518;2022-09-24T06:22:11;21.86;56.40
74087;SHT30;62445;48.406;-4.518;2022-09-24T06:24:36;21.88;56.38
74087;SHT30;62445;48.406;-4.518;2022-09-24T06:27:02;21.86;56.42
74087;SHT30;62445;48.406;-4.518;2022-09-24T06:29:27;21.86;56.39
74087;SHT30;62445;48.406;-4.518;2022-09-24T06:31:53;21.86;56.41
74087;SHT30;62445;48.406;-4.518;2022-09-24T06:34:18;21.88;56.35
74087;SHT30;62445;48.406;-4.518;2022-09-24T06:36:47;21.86;56.36
74087;SHT30;62445;48.406;-4.518;2022-09-24T06:39:12;21.85;56.37
74087;SHT30;62445;48.406;-4.518;2022-09-24T06:41:37;21.86;56.35
74087;SHT30;62445;48.406;-4.518;2022-09-24T06:44:03;21.85;56.38
74087;SHT30;62445;48.406;-4.518;2022-09-24T06:46:28;21.85;56.32
74087;SHT30;62445;48.406;-4.518;2022-09-24T06:48:54;21.83;56.37
74087;SHT30;62445;48.406;-4.518;2022-09-24T06:51:20;21.83;56.36
74087;SHT30;62445;48.406;-4.518;2022-09-24T06:53:45;21.85;56.36
74087;SHT30;62445;48.406;-4.518;2022-09-24T06:56:11;21.86;56.40
74087;SHT30;62445;48.406;-4.518;2022-09-24T06:58:36;21.82;56.37
74087;SHT30;62445;48.406;-4.518;2022-09-24T07:01:02;21.83;56.38
74087;SHT30;62445;48.406;-4.518;2022-09-24T07:03:30;21.85;56.33
74087;SHT30;62445;48.406;-4.518;2022-09-24T07:05:59;21.83;56.40
74087;SHT30;62445;48.406;-4.518;2022-09-24T07:08:25;21.88;56.40
74087;SHT30;62445;48.406;-4.518;2022-09-24T07:10:50;21.83;56.35
74087;SHT30;62445;48.406;-4.518;2022-09-24T07:13:16;21.85;56.40
74087;SHT30;62445;48.406;-4.518;2022-09-24T07:15:43;21.86;56.39
74087;SHT30;62445;48.406;-4.518;2022-09-24T07:18:10;21.85;56.36
74087;SHT30;62445;48.406;-4.518;2022-09-24T07:20:35;21.83;56.37
74087;SHT30;62445;48.406;-4.518;2022-09-24T07:23:08;21.85;56.39
74087;SHT30;62445;48.406;-4.518;2022-09-24T07:25:35;21.86;56.39
74087;SHT30;62445;48.406;-4.518;2022-09-24T07:28:07;21.82;56.36
74087;SHT30;62445;48.406;-4.518;2022-09-24T07:30:33;21.83;56.39
74087;SHT30;62445;48.406;-4.518;2022-09-24T07:32:59;21.82;56.35
74087;SHT30;62445;48.406;-4.518;2022-09-24T07:35:26;21.83;56.32
74087;SHT30;62445;48.406;-4.518;2022-09-24T07:38:02;21.82;56.32
74087;SHT30;62445;48.406;-4.518;2022-09-24T07:40:29;21.85;56.33
74087;SHT30;62445;48.406;-4.518;2022-09-24T07:42:55;21.83;56.29
74087;SHT30;62445;48.406;-4.518;2022-09-24T07:45:22;21.82;56.34
74087;SHT30;62445;48.406;-4.518;2022-09-24T07:47:58;21.85;56.35
74087;SHT30;62445;48.406;-4.518;2022-09-24T07:50:24;21.85;56.35
74087;SHT30;62445;48.406;-4.518;2022-09-24T07:52:50;21.83;56.38
74087;SHT30;62445;48.406;-4.518;2022-09-24T07:55:15;21.82;56.37
74087;SHT30;62445;48.406;-4.518;2022-09-24T07:57:46;21.82;56.35
74087;SHT30;62445;48.406;-4.518;2022-09-24T08:00:12;21.81;56.36
74087;SHT30;62445;48.406;-4.518;2022-09-24T08:02:38;21.81;56.35
74087;SHT30;62445;48.406;-4.518;2022-09-24T08:05:04;21.81;56.38
74087;SHT30;62445;48.406;-4.518;2022-09-24T08:07:30;21.85;56.34
74087;SHT30;62445;48.406;-4.518;2022-09-24T08:09:55;21.81;56.42
74087;SHT30;62445;48.406;-4.518;2022-09-24T08:12:24;21.81;56.39
74087;SHT30;62445;48.406;-4.518;2022-09-24T08:14:51;21.79;56.39
74087;SHT30;62445;48.406;-4.518;2022-09-24T08:17:16;21.82;56.42
74087;SHT30;62445;48.406;-4.518;2022-09-24T08:19:42;21.81;56.42
74087;SHT30;62445;48.406;-4.518;2022-09-24T08:22:10;21.81;56.39
74087;SHT30;62445;48.406;-4.518;2022-09-24T08:24:36;21.81;56.42
74087;SHT30;62445;48.406;-4.518;2022-09-24T08:27:02;21.83;56.43
74087;SHT30;62445;48.406;-4.518;2022-09-24T08:29:27;21.81;56.41
74087;SHT30;62445;48.406;-4.518;2022-09-24T08:31:52;21.82;56.43
74087;SHT30;62445;48.406;-4.518;2022-09-24T08:34:18;21.81;56.47
74087;SHT30;62445;48.406;-4.518;2022-09-24T08:36:43;21.86;56.61
74087;SHT30;62445;48.406;-4.518;2022-09-24T08:39:09;21.88;56.46
74087;SHT30;62445;48.406;-4.518;2022-09-24T08:41:59;21.89;56.40
74087;SHT30;62445;48.406;-4.518;2022-09-24T08:44:39;21.93;56.35
74087;SHT30;62445;48.406;-4.518;2022-09-24T08:50:16;21.98;56.16
74087;SHT30;62445;48.406;-4.518;2022-09-24T09:00:44;22.05;56.29
74087;SHT30;62445;48.406;-4.518;2022-09-24T09:03:32;22.08;56.18
74087;SHT30;62445;48.406;-4.518;2022-09-24T09:11:39;22.10;56.01
74087;SHT30;62445;48.406;-4.518;2022-09-24T09:19:11;22.14;55.84
74087;SHT30;62445;48.406;-4.518;2022-09-24T09:21:41;22.17;55.90
74087;SHT30;62445;48.406;-4.518;2022-09-24T09:24:19;22.20;55.82
74087;SHT30;62445;48.406;-4.518;2022-09-24T09:26:50;22.21;55.73
74087;SHT30;62445;48.406;-4.518;2022-09-24T09:29:19;22.21;55.65
74087;SHT30;62445;48.406;-4.518;2022-09-24T09:37:13;22.21;55.59
74087;SHT30;62445;48.406;-4.518;2022-09-24T09:39:52;22.20;55.63
74087;SHT30;62445;48.406;-4.518;2022-09-24T09:42:33;22.20;55.71
74087;SHT30;62445;48.406;-4.518;2022-09-24T09:47:52;22.17;55.63
74087;SHT30;62445;48.406;-4.518;2022-09-24T09:50:33;22.20;55.70
74087;SHT30;62445;48.406;-4.518;2022-09-24T09:53:02;22.21;55.60
74087;SHT30;62445;48.406;-4.518;2022-09-24T09:55:35;22.24;55.54
74087;SHT30;62445;48.406;-4.518;2022-09-24T09:58:14;22.21;55.57
74087;SHT30;62445;48.406;-4.518;2022-09-24T10:00:41;22.23;55.63
74087;SHT30;62445;48.406;-4.518;2022-09-24T10:03:22;22.20;55.69
74087;SHT30;62445;48.406;-4.518;2022-09-24T10:06:06;22.23;55.66
74087;SHT30;62445;48.406;-4.518;2022-09-24T10:08:32;22.23;55.77
74087;SHT30;62445;48.406;-4.518;2022-09-24T10:10:59;22.20;55.84
74087;SHT30;62445;48.406;-4.518;2022-09-24T10:13:25;22.23;55.86
74087;SHT30;62445;48.406;-4.518;2022-09-24T10:15:54;22.20;55.85
74087;SHT30;62445;48.406;-4.518;2022-09-24T10:18:33;22.20;55.81
74087;SHT30;62445;48.406;-4.518;2022-09-24T10:21:03;22.23;55.82
74087;SHT30;62445;48.406;-4.518;2022-09-24T10:23:39;22.20;55.84
74087;SHT30;62445;48.406;-4.518;2022-09-24T10:26:06;22.20;55.86
74087;SHT30;62445;48.406;-4.518;2022-09-24T10:28:33;22.23;55.84
74087;SHT30;62445;48.406;-4.518;2022-09-24T10:31:21;22.26;55.83
74087;SHT30;62445;48.406;-4.518;2022-09-24T10:33:49;22.32;55.65
74087;SHT30;62445;48.406;-4.518;2022-09-24T10:36:20;22.44;55.44
74087;SHT30;62445;48.406;-4.518;2022-09-24T10:38:47;22.51;55.25
74087;SHT30;62445;48.406;-4.518;2022-09-24T10:41:15;22.53;55.16
74087;SHT30;62445;48.406;-4.518;2022-09-24T10:43:50;22.51;55.26
74087;SHT30;62445;48.406;-4.518;2022-09-24T10:57:35;22.54;55.08
74087;SHT30;62445;48.406;-4.518;2022-09-24T11:00:13;22.54;55.09
74087;SHT30;62445;48.406;-4.518;2022-09-24T11:05:49;22.57;55.24
74087;SHT30;62445;48.406;-4.518;2022-09-24T11:12:12;22.65;55.18
74087;SHT30;62445;48.406;-4.518;2022-09-24T11:24:47;22.90;54.84
74087;SHT30;62445;48.406;-4.518;2022-09-24T11:30:13;22.95;54.72
74087;SHT30;62445;48.406;-4.518;2022-09-24T11:36:07;23.01;54.60
74087;SHT30;62445;48.406;-4.518;2022-09-24T11:47:30;23.05;54.62
74087;SHT30;62445;48.406;-4.518;2022-09-24T11:58:19;23.06;54.31
74087;SHT30;62445;48.406;-4.518;2022-09-24T12:01:01;23.08;54.24
74087;SHT30;62445;48.406;-4.518;2022-09-24T12:06:11;23.12;54.30
74087;SHT30;62445;48.406;-4.518;2022-09-24T12:08:58;23.15;54.30
74087;SHT30;62445;48.406;-4.518;2022-09-24T12:11:40;23.19;54.12
74087;SHT30;62445;48.406;-4.518;2022-09-24T12:14:25;23.23;54.12
74087;SHT30;62445;48.406;-4.518;2022-09-24T12:16:58;23.26;54.02
74087;SHT30;62445;48.406;-4.518;2022-09-24T12:19:50;23.30;53.96
74087;SHT30;62445;48.406;-4.518;2022-09-24T12:22:19;23.34;53.83
74087;SHT30;62445;48.406;-4.518;2022-09-24T12:24:51;23.38;53.77
74087;SHT30;62445;48.406;-4.518;2022-09-24T12:27:27;23.39;53.72
74087;SHT30;62445;48.406;-4.518;2022-09-24T12:30:05;23.38;53.61
74087;SHT30;62445;48.406;-4.518;2022-09-24T12:36:15;23.30;53.65
74087;SHT30;62445;48.406;-4.518;2022-09-24T12:38:34;23.34;53.72
74087;SHT30;62445;48.406;-4.518;2022-09-24T12:43:58;23.40;53.58
74087;SHT30;62445;48.406;-4.518;2022-09-24T12:46:28;23.45;53.46
74087;SHT30;62445;48.406;-4.518;2022-09-24T12:48:55;23.46;53.16
74087;SHT30;62445;48.406;-4.518;2022-09-24T12:51:21;23.49;53.15
74087;SHT30;62445;48.406;-4.518;2022-09-24T12:54:26;23.54;53.20
74087;SHT30;62445;48.406;-4.518;2022-09-24T12:57:16;23.53;53.10
74087;SHT30;62445;48.406;-4.518;2022-09-24T12:59:58;23.50;53.17
74087;SHT30;62445;48.406;-4.518;2022-09-24T13:02:46;23.53;52.95
74087;SHT30;62445;48.406;-4.518;2022-09-24T13:08:23;23.50;53.06
74087;SHT30;62445;48.406;-4.518;2022-09-24T13:10:59;23.47;53.03
74087;SHT30;62445;48.406;-4.518;2022-09-24T13:13:31;23.46;52.90
74087;SHT30;62445;48.406;-4.518;2022-09-24T13:18:32;23.43;53.00
74087;SHT30;62445;48.406;-4.518;2022-09-24T13:21:04;23.40;53.01
74087;SHT30;62445;48.406;-4.518;2022-09-24T13:23:31;23.42;53.01
74087;SHT30;62445;48.406;-4.518;2022-09-24T13:25:58;23.42;52.96
74087;SHT30;62445;48.406;-4.518;2022-09-24T13:28:26;23.40;52.87
74087;SHT30;62445;48.406;-4.518;2022-09-24T13:31:07;23.39;53.05
74087;SHT30;62445;48.406;-4.518;2022-09-24T13:33:43;23.36;53.02
74087;SHT30;62445;48.406;-4.518;2022-09-24T13:36:13;23.34;53.00
74087;SHT30;62445;48.406;-4.518;2022-09-24T13:38:54;23.33;53.12
74087;SHT30;62445;48.406;-4.518;2022-09-24T13:44:17;23.30;53.10
74087;SHT30;62445;48.406;-4.518;2022-09-24T13:46:49;23.26;53.11
74087;SHT30;62445;48.406;-4.518;2022-09-24T13:49:18;23.23;53.02
74087;SHT30;62445;48.406;-4.518;2022-09-24T13:51:46;23.23;53.05
74087;SHT30;62445;48.406;-4.518;2022-09-24T13:54:25;23.24;53.10
74087;SHT30;62445;48.406;-4.518;2022-09-24T13:57:11;23.24;53.15
74087;SHT30;62445;48.406;-4.518;2022-09-24T13:59:38;23.27;53.05
74087;SHT30;62445;48.406;-4.518;2022-09-24T14:02:22;23.27;53.09
74087;SHT30;62445;48.406;-4.518;2022-09-24T14:04:53;23.26;53.03
74087;SHT30;62445;48.406;-4.518;2022-09-24T14:07:20;23.24;53.01
74087;SHT30;62445;48.406;-4.518;2022-09-24T14:09:47;23.20;53.00
74087;SHT30;62445;48.406;-4.518;2022-09-24T14:12:17;23.23;53.08
74087;SHT30;62445;48.406;-4.518;2022-09-24T14:14:51;23.22;53.04
74087;SHT30;62445;48.406;-4.518;2022-09-24T14:17:18;23.20;53.09
74087;SHT30;62445;48.406;-4.518;2022-09-24T14:19:44;23.20;53.03
74087;SHT30;62445;48.406;-4.518;2022-09-24T14:22:36;23.20;53.12
74087;SHT30;62445;48.406;-4.518;2022-09-24T14:25:08;23.18;52.99
74087;SHT30;62445;48.406;-4.518;2022-09-24T14:27:41;23.18;53.06
74087;SHT30;62445;48.406;-4.518;2022-09-24T14:30:22;23.16;53.02
74087;SHT30;62445;48.406;-4.518;2022-09-24T14:32:57;23.19;53.09
74087;SHT30;62445;48.406;-4.518;2022-09-24T14:35:35;23.19;53.03
74087;SHT30;62445;48.406;-4.518;2022-09-24T14:38:10;23.20;52.89
74087;SHT30;62445;48.406;-4.518;2022-09-24T14:40:41;23.22;52.87
74087;SHT30;62445;48.406;-4.518;2022-09-24T14:43:16;23.22;52.84
74087;SHT30;62445;48.406;-4.518;2022-09-24T14:45:42;23.23;52.68
74087;SHT30;62445;48.406;-4.518;2022-09-24T14:48:28;23.24;52.67
74087;SHT30;62445;48.406;-4.518;2022-09-24T14:50:54;23.27;52.60
74087;SHT30;62445;48.406;-4.518;2022-09-24T14:53:33;23.29;52.69
74087;SHT30;62445;48.406;-4.518;2022-09-24T14:56:17;23.30;52.62
74087;SHT30;62445;48.406;-4.518;2022-09-24T14:58:43;23.30;52.40
74087;SHT30;62445;48.406;-4.518;2022-09-24T15:01:14;23.32;52.49
74087;SHT30;62445;48.406;-4.518;2022-09-24T15:03:47;23.33;52.46
74087;SHT30;62445;48.406;-4.518;2022-09-24T15:06:31;23.32;52.56
74087;SHT30;62445;48.406;-4.518;2022-09-24T15:09:04;23.32;52.48
74087;SHT30;62445;48.406;-4.518;2022-09-24T15:11:33;23.29;52.53
74087;SHT30;62445;48.406;-4.518;2022-09-24T15:16:44;23.30;52.51
74087;SHT30;62445;48.406;-4.518;2022-09-24T15:21:48;23.34;52.49
74087;SHT30;62445;48.406;-4.518;2022-09-24T15:24:18;23.36;52.50
74087;SHT30;62445;48.406;-4.518;2022-09-24T15:26:56;23.38;52.53
74087;SHT30;62445;48.406;-4.518;2022-09-24T15:29:24;23.42;52.40
74087;SHT30;62445;48.406;-4.518;2022-09-24T15:31:51;23.45;52.31
74087;SHT30;62445;48.406;-4.518;2022-09-24T15:34:16;23.43;52.31
74087;SHT30;62445;48.406;-4.518;2022-09-24T15:36:42;23.49;52.16
74087;SHT30;62445;48.406;-4.518;2022-09-24T15:39:08;23.50;52.06
74087;SHT30;62445;48.406;-4.518;2022-09-24T15:41:34;23.64;51.75
74087;SHT30;62445;48.406;-4.518;2022-09-24T15:44:00;23.78;51.34
74087;SHT30;62445;48.406;-4.518;2022-09-24T15:46:25;23.78;51.38
74087;SHT30;62445;48.406;-4.518;2022-09-24T15:48:51;23.75;51.34
74087;SHT30;62445;48.406;-4.518;2022-09-24T15:51:20;23.77;51.41
74087;SHT30;62445;48.406;-4.518;2022-09-24T15:53:46;23.84;51.31
74087;SHT30;62445;48.406;-4.518;2022-09-24T15:56:13;23.96;51.10
74087;SHT30;62445;48.406;-4.518;2022-09-24T15:58:39;24.11;50.56
74087;SHT30;62445;48.406;-4.518;2022-09-24T16:01:04;24.07;50.66
74087;SHT30;62445;48.406;-4.518;2022-09-24T16:03:31;24.02;50.81
74087;SHT30;62445;48.406;-4.518;2022-09-24T16:05:57;24.43;49.90
74087;SHT30;62445;48.406;-4.518;2022-09-24T16:08:24;24.51;49.57
74087;SHT30;62445;48.406;-4.518;2022-09-24T16:10:50;24.36;49.75
74087;SHT30;62445;48.406;-4.518;2022-09-24T16:13:17;24.65;49.44
74087;SHT30;62445;48.406;-4.518;2022-09-24T16:15:43;25.78;47.02
74087;SHT30;62445;48.406;-4.518;2022-09-24T16:18:16;26.57;45.54
74087;SHT30;62445;48.406;-4.518;2022-09-24T16:20:46;27.12;43.76
74087;SHT30;62445;48.406;-4.518;2022-09-24T16:23:15;27.50;43.20
74087;SHT30;62445;48.406;-4.518;2022-09-24T16:25:55;28.57;41.64
74087;SHT30;62445;48.406;-4.518;2022-09-24T16:28:21;29.76;38.83
74087;SHT30;62445;48.406;-4.518;2022-09-24T16:30:47;30.68;37.27
74087;SHT30;62445;48.406;-4.518;2022-09-24T16:33:12;31.43;36.03
74087;SHT30;62445;48.406;-4.518;2022-09-24T16:35:38;31.93;35.22
74087;SHT30;62445;48.406;-4.518;2022-09-24T16:38:03;32.15;34.77
74087;SHT30;62445;48.406;-4.518;2022-09-24T16:40:29;32.32;34.55
74087;SHT30;62445;48.406;-4.518;2022-09-24T16:42:55;32.50;34.30
74087;SHT30;62445;48.406;-4.518;2022-09-24T16:45:20;32.26;34.55
74087;SHT30;62445;48.406;-4.518;2022-09-24T16:47:45;31.88;35.03
74087;SHT30;62445;48.406;-4.518;2022-09-24T16:50:11;31.72;35.62
74087;SHT30;62445;48.406;-4.518;2022-09-24T16:52:36;31.96;35.36
74087;SHT30;62445;48.406;-4.518;2022-09-24T16:55:02;32.20;34.95
74087;SHT30;62445;48.406;-4.518;2022-09-24T16:57:28;32.74;34.07
74087;SHT30;62445;48.406;-4.518;2022-09-24T16:59:53;33.15;33.56
74087;SHT30;62445;48.406;-4.518;2022-09-24T17:02:18;33.18;33.42
74087;SHT30;62445;48.406;-4.518;2022-09-24T17:04:44;33.33;33.26
74087;SHT30;62445;48.406;-4.518;2022-09-24T17:07:09;33.46;32.82
74087;SHT30;62445;48.406;-4.518;2022-09-24T17:09:37;33.52;32.92
74087;SHT30;62445;48.406;-4.518;2022-09-24T17:12:21;33.55;32.74
74087;SHT30;62445;48.406;-4.518;2022-09-24T17:14:47;33.45;33.02
74087;SHT30;62445;48.406;-4.518;2022-09-24T17:17:12;32.81;33.81
74087;SHT30;62445;48.406;-4.518;2022-09-24T17:19:38;32.04;34.89
74087;SHT30;62445;48.406;-4.518;2022-09-24T17:22:04;30.90;36.64
74087;SHT30;62445;48.406;-4.518;2022-09-24T17:24:29;29.91;38.25
74087;SHT30;62445;48.406;-4.518;2022-09-24T17:26:56;29.14;39.62
74087;SHT30;62445;48.406;-4.518;2022-09-24T17:29:21;28.53;40.83
74087;SHT30;62445;48.406;-4.518;2022-09-24T17:31:48;28.01;41.87
74087;SHT30;62445;48.406;-4.518;2022-09-24T17:34:14;27.55;42.81
74087;SHT30;62445;48.406;-4.518;2022-09-24T17:36:40;27.19;43.65
74087;SHT30;62445;48.406;-4.518;2022-09-24T17:39:06;26.82;44.44
74087;SHT30;62445;48.406;-4.518;2022-09-24T17:41:31;26.55;45.12
74087;SHT30;62445;48.406;-4.518;2022-09-24T17:43:57;26.26;45.70
74087;SHT30;62445;48.406;-4.518;2022-09-24T17:46:25;26.06;46.20
74087;SHT30;62445;48.406;-4.518;2022-09-24T17:48:53;25.83;46.66
74087;SHT30;62445;48.406;-4.518;2022-09-24T17:51:32;25.59;47.15
74087;SHT30;62445;48.406;-4.518;2022-09-24T17:54:00;25.43;47.57
74087;SHT30;62445;48.406;-4.518;2022-09-24T17:56:27;25.25;47.96
74087;SHT30;62445;48.406;-4.518;2022-09-24T17:58:54;25.10;48.48
74087;SHT30;62445;48.406;-4.518;2022-09-24T18:01:21;24.91;48.81
74087;SHT30;62445;48.406;-4.518;2022-09-24T18:03:51;24.80;49.07
74087;SHT30;62445;48.406;-4.518;2022-09-24T18:06:17;24.65;49.50
74087;SHT30;62445;48.406;-4.518;2022-09-24T18:08:43;24.52;49.84
74087;SHT30;62445;48.406;-4.518;2022-09-24T18:11:14;24.43;50.15
74087;SHT30;62445;48.406;-4.518;2022-09-24T18:13:42;24.30;50.48
74087;SHT30;62445;48.406;-4.518;2022-09-24T18:16:11;24.19;50.72
74087;SHT30;62445;48.406;-4.518;2022-09-24T18:18:37;24.11;50.97
74087;SHT30;62445;48.406;-4.518;2022-09-24T18:21:06;24.02;51.30
74087;SHT30;62445;48.406;-4.518;2022-09-24T18:23:31;23.96;51.59
74087;SHT30;62445;48.406;-4.518;2022-09-24T18:26:10;23.87;51.46
74087;SHT30;62445;48.406;-4.518;2022-09-24T18:31:12;23.73;52.20
74087;SHT30;62445;48.406;-4.518;2022-09-24T18:33:40;23.67;52.34
74087;SHT30;62445;48.406;-4.518;2022-09-24T18:36:08;23.61;52.43
74087;SHT30;62445;48.406;-4.518;2022-09-24T18:38:34;23.56;52.63
74087;SHT30;62445;48.406;-4.518;2022-09-24T18:41:06;23.50;52.61
74087;SHT30;62445;48.406;-4.518;2022-09-24T18:43:31;23.47;52.81
74087;SHT30;62445;48.406;-4.518;2022-09-24T18:46:03;23.40;52.69
74087;SHT30;62445;48.406;-4.518;2022-09-24T18:48:29;23.36;52.98
74087;SHT30;62445;48.406;-4.518;2022-09-24T18:50:55;23.33;53.20
74087;SHT30;62445;48.406;-4.518;2022-09-24T18:53:20;23.27;53.22
74087;SHT30;62445;48.406;-4.518;2022-09-24T18:55:46;23.23;53.34
74087;SHT30;62445;48.406;-4.518;2022-09-24T18:58:11;23.20;53.36
74087;SHT30;62445;48.406;-4.518;2022-09-24T19:00:37;23.20;53.49
74087;SHT30;62445;48.406;-4.518;2022-09-24T19:03:20;23.13;53.48
74087;SHT30;62445;48.406;-4.518;2022-09-24T19:05:46;23.09;53.67
74087;SHT30;62445;48.406;-4.518;2022-09-24T19:08:13;23.06;53.73
74087;SHT30;62445;48.406;-4.518;2022-09-24T19:10:38;23.05;53.70
74087;SHT30;62445;48.406;-4.518;2022-09-24T19:13:04;23.01;53.82
74087;SHT30;62445;48.406;-4.518;2022-09-24T19:15:41;22.98;53.61
74087;SHT30;62445;48.406;-4.518;2022-09-24T19:18:10;22.98;53.98
74087;SHT30;62445;48.406;-4.518;2022-09-24T19:20:41;22.92;53.91
74087;SHT30;62445;48.406;-4.518;2022-09-24T19:23:08;22.90;54.11
74087;SHT30;62445;48.406;-4.518;2022-09-24T19:25:35;22.88;54.14
74087;SHT30;62445;48.406;-4.518;2022-09-24T19:28:03;22.85;54.17
74087;SHT30;62445;48.406;-4.518;2022-09-24T19:30:40;22.84;53.99
74087;SHT30;62445;48.406;-4.518;2022-09-24T19:33:10;22.83;54.24
74087;SHT30;62445;48.406;-4.518;2022-09-24T19:35:38;22.78;54.28
74087;SHT30;62445;48.406;-4.518;2022-09-24T19:38:04;22.76;54.37
74087;SHT30;62445;48.406;-4.518;2022-09-24T19:40:29;22.76;54.40
74087;SHT30;62445;48.406;-4.518;2022-09-24T19:42:55;22.75;54.39
74087;SHT30;62445;48.406;-4.518;2022-09-24T19:45:21;22.74;54.56
74087;SHT30;62445;48.406;-4.518;2022-09-24T19:47:46;22.71;54.59
74087;SHT30;62445;48.406;-4.518;2022-09-24T19:50:12;22.69;54.63
74087;SHT30;62445;48.406;-4.518;2022-09-24T19:52:38;22.71;54.35
74087;SHT30;62445;48.406;-4.518;2022-09-24T19:55:03;22.67;54.65
74087;SHT30;62445;48.406;-4.518;2022-09-24T19:57:30;22.65;54.65
74087;SHT30;62445;48.406;-4.518;2022-09-24T19:59:57;22.64;54.64
74087;SHT30;62445;48.406;-4.518;2022-09-24T20:02:23;22.64;54.72
74087;SHT30;62445;48.406;-4.518;2022-09-24T20:04:48;22.60;54.61
74087;SHT30;62445;48.406;-4.518;2022-09-24T20:07:14;22.58;54.56
74087;SHT30;62445;48.406;-4.518;2022-09-24T20:09:41;22.58;54.59
74087;SHT30;62445;48.406;-4.518;2022-09-24T20:12:07;22.54;55.08
74087;SHT30;62445;48.406;-4.518;2022-09-24T20:14:33;22.56;55.00
74087;SHT30;62445;48.406;-4.518;2022-09-24T20:16:58;22.56;54.96
74087;SHT30;62445;48.406;-4.518;2022-09-24T20:19:24;22.54;54.83
74087;SHT30;62445;48.406;-4.518;2022-09-24T20:21:49;22.56;54.87
74087;SHT30;62445;48.406;-4.518;2022-09-24T20:24:16;22.51;54.80
74087;SHT30;62445;48.406;-4.518;2022-09-24T20:26:41;22.53;54.88
74087;SHT30;62445;48.406;-4.518;2022-09-24T20:29:25;22.53;54.99
74087;SHT30;62445;48.406;-4.518;2022-09-24T20:31:52;22.53;54.96
74087;SHT30;62445;48.406;-4.518;2022-09-24T20:34:24;22.50;54.91
74087;SHT30;62445;48.406;-4.518;2022-09-24T20:36:53;22.50;55.00
74087;SHT30;62445;48.406;-4.518;2022-09-24T20:39:19;22.51;54.98
74087;SHT30;62445;48.406;-4.518;2022-09-24T20:41:46;22.50;55.04
74087;SHT30;62445;48.406;-4.518;2022-09-24T20:44:11;22.50;55.00
74087;SHT30;62445;48.406;-4.518;2022-09-24T20:46:37;22.50;55.04
74087;SHT30;62445;48.406;-4.518;2022-09-24T20:49:03;22.50;55.01
74087;SHT30;62445;48.406;-4.518;2022-09-24T20:51:30;22.48;55.02
74087;SHT30;62445;48.406;-4.518;2022-09-24T20:53:58;22.47;54.98
74087;SHT30;62445;48.406;-4.518;2022-09-24T20:56:25;22.46;54.95
74087;SHT30;62445;48.406;-4.518;2022-09-24T20:58:52;22.48;54.94
74087;SHT30;62445;48.406;-4.518;2022-09-24T21:01:18;22.47;54.99
74087;SHT30;62445;48.406;-4.518;2022-09-24T21:03:45;22.47;54.92
74087;SHT30;62445;48.406;-4.518;2022-09-24T21:06:18;22.46;54.95
74087;SHT30;62445;48.406;-4.518;2022-09-24T21:08:47;22.44;54.97
74087;SHT30;62445;48.406;-4.518;2022-09-24T21:11:18;22.46;54.85
74087;SHT30;62445;48.406;-4.518;2022-09-24T21:13:49;22.46;54.94
74087;SHT30;62445;48.406;-4.518;2022-09-24T21:16:17;22.43;54.98
74087;SHT30;62445;48.406;-4.518;2022-09-24T21:18:47;22.43;54.89
74087;SHT30;62445;48.406;-4.518;2022-09-24T21:21:16;22.41;54.96
74087;SHT30;62445;48.406;-4.518;2022-09-24T21:23:44;22.43;55.04
74087;SHT30;62445;48.406;-4.518;2022-09-24T21:26:10;22.41;54.96
74087;SHT30;62445;48.406;-4.518;2022-09-24T21:28:37;22.41;54.91
74087;SHT30;62445;48.406;-4.518;2022-09-24T21:31:03;22.41;54.90
74087;SHT30;62445;48.406;-4.518;2022-09-24T21:33:29;22.41;54.97
74087;SHT30;62445;48.406;-4.518;2022-09-24T21:35:55;22.40;54.95
74087;SHT30;62445;48.406;-4.518;2022-09-24T21:38:24;22.39;55.04
74087;SHT30;62445;48.406;-4.518;2022-09-24T21:40:53;22.43;55.02
74087;SHT30;62445;48.406;-4.518;2022-09-24T21:43:20;22.39;54.98
74087;SHT30;62445;48.406;-4.518;2022-09-24T21:45:48;22.41;54.91
74087;SHT30;62445;48.406;-4.518;2022-09-24T21:48:16;22.41;54.93
74087;SHT30;62445;48.406;-4.518;2022-09-24T21:50:42;22.39;55.05
74087;SHT30;62445;48.406;-4.518;2022-09-24T21:53:07;22.37;54.99
74087;SHT30;62445;48.406;-4.518;2022-09-24T21:55:33;22.39;55.05
74087;SHT30;62445;48.406;-4.518;2022-09-24T21:58:00;22.39;55.13
74087;SHT30;62445;48.406;-4.518;2022-09-24T22:00:25;22.40;55.10
74087;SHT30;62445;48.406;-4.518;2022-09-24T22:02:51;22.39;55.02
74087;SHT30;62445;48.406;-4.518;2022-09-24T22:05:16;22.39;55.02
74087;SHT30;62445;48.406;-4.518;2022-09-24T22:07:47;22.39;54.98
74087;SHT30;62445;48.406;-4.518;2022-09-24T22:10:13;22.40;54.99
74087;SHT30;62445;48.406;-4.518;2022-09-24T22:12:38;22.36;54.94
74087;SHT30;62445;48.406;-4.518;2022-09-24T22:15:04;22.36;54.98
74087;SHT30;62445;48.406;-4.518;2022-09-24T22:17:31;22.33;54.98
74087;SHT30;62445;48.406;-4.518;2022-09-24T22:19:56;22.35;55.02
74087;SHT30;62445;48.406;-4.518;2022-09-24T22:22:22;22.35;55.01
74087;SHT30;62445;48.406;-4.518;2022-09-24T22:24:47;22.35;54.96
74087;SHT30;62445;48.406;-4.518;2022-09-24T22:27:13;22.33;55.04
74087;SHT30;62445;48.406;-4.518;2022-09-24T22:29:38;22.36;55.02
74087;SHT30;62445;48.406;-4.518;2022-09-24T22:32:04;22.35;55.04
74087;SHT30;62445;48.406;-4.518;2022-09-24T22:34:29;22.33;55.01
74087;SHT30;62445;48.406;-4.518;2022-09-24T22:37:13;22.35;55.02
74087;SHT30;62445;48.406;-4.518;2022-09-24T22:39:39;22.33;55.01
74087;SHT30;62445;48.406;-4.518;2022-09-24T22:42:04;22.32;55.02
74087;SHT30;62445;48.406;-4.518;2022-09-24T22:44:30;22.33;54.99
74087;SHT30;62445;48.406;-4.518;2022-09-24T22:46:55;22.33;55.05
74087;SHT30;62445;48.406;-4.518;2022-09-24T22:49:21;22.32;55.06
74087;SHT30;62445;48.406;-4.518;2022-09-24T22:51:47;22.33;54.99
74087;SHT30;62445;48.406;-4.518;2022-09-24T22:54:12;22.35;55.07
74087;SHT30;62445;48.406;-4.518;2022-09-24T22:56:38;22.33;55.03
74087;SHT30;62445;48.406;-4.518;2022-09-24T22:59:03;22.30;55.00
74087;SHT30;62445;48.406;-4.518;2022-09-24T23:01:32;22.33;54.97
74087;SHT30;62445;48.406;-4.518;2022-09-24T23:03:58;22.33;55.02
74087;SHT30;62445;48.406;-4.518;2022-09-24T23:06:24;22.32;55.02
74087;SHT30;62445;48.406;-4.518;2022-09-24T23:08:51;22.32;54.99
74087;SHT30;62445;48.406;-4.518;2022-09-24T23:11:20;22.32;55.01
74087;SHT30;62445;48.406;-4.518;2022-09-24T23:13:50;22.32;54.86
74087;SHT30;62445;48.406;-4.518;2022-09-24T23:16:19;22.32;54.99
74087;SHT30;62445;48.406;-4.518;2022-09-24T23:18:46;22.32;54.97
74087;SHT30;62445;48.406;-4.518;2022-09-24T23:21:17;22.32;54.98
74087;SHT30;62445;48.406;-4.518;2022-09-24T23:23:44;22.30;54.95
74087;SHT30;62445;48.406;-4.518;2022-09-24T23:26:13;22.30;54.95
74087;SHT30;62445;48.406;-4.518;2022-09-24T23:28:39;22.30;54.92
74087;SHT30;62445;48.406;-4.518;2022-09-24T23:31:12;22.30;55.00
74087;SHT30;62445;48.406;-4.518;2022-09-24T23:33:38;22.32;54.98
74087;SHT30;62445;48.406;-4.518;2022-09-24T23:36:05;22.30;55.02
74087;SHT30;62445;48.406;-4.518;2022-09-24T23:38:32;22.30;55.07
74087;SHT30;62445;48.406;-4.518;2022-09-24T23:40:57;22.30;55.07
74087;SHT30;62445;48.406;-4.518;2022-09-24T23:43:25;22.29;55.13
74087;SHT30;62445;48.406;-4.518;2022-09-24T23:45:52;22.32;55.08
74087;SHT30;62445;48.406;-4.518;2022-09-24T23:48:17;22.30;54.96
74087;SHT30;62445;48.406;-4.518;2022-09-24T23:50:43;22.29;54.99
74087;SHT30;62445;48.406;-4.518;2022-09-24T23:53:12;22.29;55.02
74087;SHT30;62445;48.406;-4.518;2022-09-24T23:55:38;22.27;54.90
74087;SHT30;62445;48.406;-4.518;2022-09-24T23:58:07;22.29;54.91
